{
  "name": "angular-swiper",
  "version": "0.3.2",
  "homepage": "https://github.com/ksachdeva/angular-swiper",
  "authors": [
    "Kapil Sachdeva <ksachdeva17@gmail.com>"
  ],
  "description": "Angular directive for nolimits4web/Swiper javascript library",
  "main": "dist/angular-swiper.js",
  "keywords": [
    "angular",
    "swiper"
  ],
  "license": "Apache",
  "ignore": [
    "**/.*",
    "node_modules",
    "bower_components",
    "test",
    "tests"
  ],
  "dependencies": {
    "swiper": "~3.0.5",
    "angular": ">=1.3"
  },
  "_release": "0.3.2",
  "_resolution": {
    "type": "version",
    "tag": "v0.3.2",
    "commit": "b1fe85b4f92ca53837fa9eab48ca512793641267"
  },
  "_source": "https://github.com/ksachdeva/angular-swiper.git",
  "_target": "^0.3.2",
  "_originalSource": "angular-swiper",
  "_direct": true
}