{
  "name": "ionic-advanced-carousel",
  "description": "Carousel directive for the Ionic Framework",
  "main": [
    "dist/advanced-carousel.min.js",
    "dist/advanced-carousel.min.css"
  ],
  "version": "1.1.0",
  "authors": [
    "Sébastien Loix"
  ],
  "license": "SEE LICENSE IN LICENSE",
  "keywords": [
    "Ionic",
    "Angular",
    "carousel",
    "directive"
  ],
  "homepage": "https://github.com/sebelga/ionic-advanced-carousel",
  "moduleType": [
    "angularjs"
  ],
  "ignore": [
    "**/.*",
    "node_modules",
    "bower_components",
    "test",
    "tests"
  ],
  "_release": "1.1.0",
  "_resolution": {
    "type": "version",
    "tag": "1.1.0",
    "commit": "50fec8bcad6dc39e4328f5ac3eb9127ff8bd7649"
  },
  "_source": "https://github.com/sebelga/ionic-advanced-carousel.git",
  "_target": "^1.1.0",
  "_originalSource": "ionic-advanced-carousel",
  "_direct": true
}