{
  "name": "ionic-rating",
  "main": "ionic-rating.js",
  "version": "0.3.0",
  "homepage": "https://github.com/fraserxu/ionic-rating",
  "authors": [
    "fraserxu <xvfeng123@gmail.com>"
  ],
  "description": "Star rating bar for ionic",
  "keywords": [
    "ionic",
    "angularjs",
    "rating",
    "web"
  ],
  "license": "MIT",
  "ignore": [
    "**/.*",
    "node_modules",
    "bower_components",
    "test",
    "tests"
  ],
  "_release": "0.3.0",
  "_resolution": {
    "type": "version",
    "tag": "v0.3.0",
    "commit": "04e917bfebf4de0688fb0b1fab029446f272ba75"
  },
  "_source": "https://github.com/fraserxu/ionic-rating.git",
  "_target": "^0.3.0",
  "_originalSource": "ionic-rating"
}