{
  "name": "ionic-threads",
  "version": "1.0.5",
  "authors": [
    "Nikola Plesa <nickplesha@gmail.com>"
  ],
  "description": "A collapsible comment thread component for ionic framework",
  "main": [
    "ionic.threads.js"
  ],
  "keywords": [
    "ionic-threads",
    "ionic",
    "comments",
    "comments for ionic",
    "comments for ionic framework"
  ],
  "license": "MIT",
  "homepage": "https://github.com/nickplesha",
  "private": false,
  "ignore": [
    "**/.*",
    "node_modules",
    "bower_components",
    "test",
    "tests"
  ],
  "_release": "1.0.5",
  "_resolution": {
    "type": "version",
    "tag": "v1.0.5",
    "commit": "6e5d7e9cccfb9c3f04ac39dcf58b1c866d757435"
  },
  "_source": "https://github.com/nickplesha/ionic-threads.git",
  "_target": "^1.0.5",
  "_originalSource": "ionic-threads",
  "_direct": true
}